Dumb & Dumber (1994),1.3213331436461841
"Blair Witch Project, The (1999)",1.3163677138860737
Natural Born Killers (1994),1.307197606900584
Tank Girl (1995),1.2776953925615253
"Rocky Horror Picture Show, The (1975)",1.2601772839374212
Eyes Wide Shut (1999),1.259623523675699
Evita (1996),1.253631055394044
Billy Madison (1995),1.2499701595865267
Fear and Loathing in Las Vegas (1998),1.246408076755582
Bicentennial Man (1999),1.2455325276601854
Hellraiser (1987),1.2430462054585405
Babe: Pig in the City (1998),1.2393794731648196
Wes Craven's New Nightmare (1994),1.23763043097095
"South Park: Bigger, Longer and Uncut (1999)",1.2353795291863594
Deuce Bigalow: Male Gigolo (1999),1.2263370048001445
Scary Movie (2000),1.2240242647676391
Serial Mom (1994),1.2227145516558837
"Waterboy, The (1998)",1.2190922566480942
Toys (1992),1.2188890922376052
"Thin Red Line, The (1998)",1.215280006693644
"Last Temptation of Christ, The (1988)",1.2146146146164114
Patch Adams (1998),1.213112379208276
For Love of the Game (1999),1.2110945016666363
Armageddon (1998),1.203439250556881
Starship Troopers (1997),1.2032451167638634
Godzilla (Gojira) (1954),1.2019179947077148
Breaking the Waves (1996),1.1963707521259792
Bringing Out the Dead (1999),1.1958617709195822
Beavis and Butt-head Do America (1996),1.190893718222272
American Psycho (2000),1.1906975341204906
"Nightmare on Elm Street, A (1984)",1.1894502178088322
Pee-wee's Big Adventure (1985),1.1859327718924257
"English Patient, The (1996)",1.1858420943094599
Mars Attacks! (1996),1.1856315343131256
Dune (1984),1.1830672338798327
Psycho (1998),1.1827971518528255
"Me, Myself and Irene (2000)",1.1797334528095724
From Dusk Till Dawn (1996),1.1787767782524565
Ace Ventura: When Nature Calls (1995),1.1787480236425403
eXistenZ (1999),1.1785675239677589
"Messenger: The Story of Joan of Arc, The (1999)",1.1756030094137326
Barbarella (1968),1.173192708731838
Spaceballs (1987),1.171615693339392
Return to Oz (1985),1.1707176047813272
"Story of Us, The (1999)",1.1696746388977988
Buffalo 66 (1998),1.1691122761943618
Dirty Dancing (1987),1.168924124554064
Titanic (1997),1.167448492490018
Robin Hood: Men in Tights (1993),1.1672388001342444
William Shakespeare's Romeo and Juliet (1996),1.167050842677782
I Still Know What You Did Last Summer (1998),1.1661271009381817
What Dreams May Come (1998),1.1643630134211391
Drop Dead Gorgeous (1999),1.1616387874029281
"Adventures of Buckaroo Bonzai Across the 8th Dimension, The (1984)",1.1615918814579327
"Skulls, The (2000)",1.1610155643474258
Phantasm (1979),1.160909623568576
Drop Dead Fred (1991),1.1584523036394423
Rocky IV (1985),1.1583564483003808
Jumpin' Jack Flash (1986),1.1580521212930432
Porky's (1981),1.1565432512375113
Night of the Living Dead (1968),1.1557687716184901
Happiness (1998),1.155600883200562
Gremlins 2: The New Batch (1990),1.15501110915058
Topsy-Turvy (1999),1.1537787868434526
Star Trek V: The Final Frontier (1989),1.152796813878227
Austin Powers: The Spy Who Shagged Me (1999),1.151063053735094
Happy Gilmore (1996),1.1496184176269804
U Turn (1997),1.1469463561017577
I Know What You Did Last Summer (1997),1.146013375918318
Mystery Men (1999),1.145979418446047
Empire Records (1995),1.1441779107424306
Tommy Boy (1995),1.143171029367589
"Nightmare on Elm Street Part 2: Freddy's Revenge, A (1985)",1.141519497389676
Ace Ventura: Pet Detective (1994),1.1404814615455534
"13th Warrior, The (1999)",1.1404205222251302
Loaded Weapon 1 (1993),1.1402853173256244
Scream 3 (2000),1.1402498408662938
"Lord of the Rings, The (1978)",1.139405816219615
Clue (1985),1.1382751003960732
"Nightmare on Elm Street 3: Dream Warriors, A (1987)",1.1377287649923586
Halloween (1978),1.137522596098745
Face/Off (1997),1.1362646359248252
Pet Sematary (1989),1.1348659045125968
"Man Who Knew Too Little, The (1997)",1.1343325357453786
Stigmata (1999),1.1342746097272451
Friday the 13th (1980),1.1341461922314922
"Sound of Music, The (1965)",1.1324931399726281
Magnolia (1999),1.1322169265090885
Mystery Science Theater 3000: The Movie (1996),1.1302575666439267
First Knight (1995),1.1301765757851452
Waterworld (1995),1.1296839158517469
Last Man Standing (1996),1.1267687620524691
"American Werewolf in Paris, An (1997)",1.1265672648238412
Star Wars: Episode I - The Phantom Menace (1999),1.1257495677652494
Pink Floyd - The Wall (1982),1.1256258309937193
"Piano, The (1993)",1.1244766213212412
Hope Floats (1998),1.124376239376907
Three Amigos! (1986),1.1236186516027395
Rocky V (1990),1.121123661429699
Hackers (1995),1.120990605533652
Kingpin (1996),1.1203111231381395
Evil Dead II (Dead By Dawn) (1987),1.1203053758223895
Eye of the Beholder (1999),1.1191196651257485
"Cable Guy, The (1996)",1.117925084031347
Mission to Mars (2000),1.1175040904882694
Lost in Space (1998),1.1163297985836054
Scream 2 (1997),1.1153060719892116
Gone in 60 Seconds (2000),1.114857347694032
Godzilla (1998),1.1134508153156193
8MM (1999),1.113431767875689
Mallrats (1995),1.1132784970850462
Grease (1978),1.1132637087192403
"Parent Trap, The (1998)",1.1124891300130155
Dogma (1999),1.1123373811350994
Mission: Impossible 2 (2000),1.1114345116117696
Angel Heart (1987),1.1111321672927639
Batman & Robin (1997),1.1103134723461718
"Bridges of Madison County, The (1995)",1.1093920374937623
George of the Jungle (1997),1.1086887281316595
"Clockwork Orange, A (1971)",1.1083416392682768
Independence Day (ID4) (1996),1.107916911349412
"'burbs, The (1989)",1.1077601938323736
"Ninth Gate, The (2000)",1.1076806238895116
Lake Placid (1999),1.1076029525143496
"Prince of Tides, The (1991)",1.1070961989680352
Road Trip (2000),1.106810206741125
Muppet Treasure Island (1996),1.106769499710846
"Mummy, The (1999)",1.1056306836735252
"Big Lebowski, The (1998)",1.1048641260384464
Johnny Mnemonic (1995),1.104818695098524
"Saint, The (1997)",1.1041135096653314
Escape from L.A. (1996),1.1040840426489433
Kids in the Hall: Brain Candy (1996),1.1033420827577842
"Exorcist, The (1973)",1.1028969237230175
"Goonies, The (1985)",1.1024412918468631
Spawn (1997),1.1021550367675927
Twister (1996),1.1014550350227859
"Big Kahuna, The (2000)",1.1005499833098988
101 Dalmatians (1996),1.0987170629656717
"Brady Bunch Movie, The (1995)",1.0986816211269987
Lethal Weapon 4 (1998),1.0976241539072893
Pocahontas (1995),1.0973458292939022
"Blob, The (1958)",1.0972580405845025
Where the Heart Is (2000),1.0971488856521299
There's Something About Mary (1998),1.0969376281355256
Titan A.E. (2000),1.0966522807750498
Star Trek: The Motion Picture (1979),1.0966405010125686
G.I. Jane (1997),1.0956832611502454
Terms of Endearment (1983),1.0950738737117762
Teenage Mutant Ninja Turtles (1990),1.0945877863467044
Leaving Las Vegas (1995),1.0935080878969552
Blade (1998),1.0933116571967605
"Crow, The (1994)",1.092776832342209
European Vacation (1985),1.0917092123496095
Legends of the Fall (1994),1.0912490403593054
Varsity Blues (1999),1.0903307339414112
Fantasia (1940),1.090107219431404
"Fifth Element, The (1997)",1.090077746697019
Event Horizon (1997),1.089863068390811
Barb Wire (1996),1.089214377368487
"Man in the Iron Mask, The (1998)",1.0887076195822525
Teenage Mutant Ninja Turtles II: The Secret of the Ooze (1991),1.0879711737451494
American Pie (1999),1.0870189233756309
"Naked Gun: From the Files of Police Squad!, The (1988)",1.0869709370494591
"First Wives Club, The (1996)",1.08692850840435
"Beach, The (2000)",1.0868320905931543
Austin Powers: International Man of Mystery (1997),1.0867368372550068
Popeye (1980),1.0852449939680615
Bram Stoker's Dracula (1992),1.084777305846084
End of Days (1999),1.0839958138316172
Howard the Duck (1986),1.0839364913011034
Conquest of the Planet of the Apes (1972),1.0836707814845716
"Lost World: Jurassic Park, The (1997)",1.0835562073120124
Home Alone (1990),1.08314018415619
Wolf (1994),1.0812197968896158
Final Destination (2000),1.0807552406059089
Alien: Resurrection (1997),1.0807294821807674
"Talented Mr. Ripley, The (1999)",1.080495147520803
Fight Club (1999),1.0800239229905046
Bulworth (1998),1.079924695328506
Rambo III (1988),1.0797440326668792
Christmas Vacation (1989),1.0792796425684146
Snow Falling on Cedars (1999),1.0792549330257255
Small Soldiers (1998),1.078107117947703
Hollow Man (2000),1.0770522548658104
Alien� (1992),1.0769503980324069
City of Angels (1998),1.076906460429739
Candyman (1992),1.0767741375791693
Can't Hardly Wait (1998),1.076705611957386
Hercules (1997),1.0765660245721407
Pitch Black (2000),1.0756760370940122
Home Alone 2: Lost in New York (1992),1.075588906414144
Dante's Peak (1997),1.0755169734246928
Yellow Submarine (1968),1.0754288199417832
Hot Shots! Part Deux (1993),1.0750751702812267
Big Daddy (1999),1.0747539704104638
"House on Haunted Hill, The (1999)",1.0746663253703173
"Amityville Horror, The (1979)",1.0744025007731233
Heavy Metal (1981),1.0735807476287826
Flubber (1997),1.073158343474416
Rosencrantz and Guildenstern Are Dead (1990),1.0728453527872281
Soldier (1998),1.072817152363552
"Haunting, The (1999)",1.0725393033709965
Young Guns II (1990),1.0719588031913196
Grumpier Old Men (1995),1.0717118389753955
Hook (1991),1.0708377007670047
Deep Blue Sea (1999),1.0706540347767945
Rushmore (1998),1.0705816424044596
"Nightmare Before Christmas, The (1993)",1.070256573544999
"Nutty Professor, The (1996)",1.0698829601548203
"Unbearable Lightness of Being, The (1988)",1.069794469569542
Reindeer Games (2000),1.0695714484920817
"Bachelor, The (1999)",1.0691263023616846
What Lies Beneath (2000),1.0681437464954258
Powder (1995),1.0674653346155252
Any Given Sunday (1999),1.0655838855395443
Ghost Dog: The Way of the Samurai (1999),1.0655114765503122
Wild Wild West (1999),1.0652045226765676
Grease 2 (1982),1.0651005923112344
"Patriot, The (2000)",1.065062972118473
Meet Joe Black (1998),1.064942398452214
Police Academy (1984),1.0646545301979893
Jacob's Ladder (1990),1.0644527215090218
Pi (1998),1.064329878058571
Out of Africa (1985),1.0641638635259627
Blue Velvet (1986),1.063284320724301
Conan the Barbarian (1982),1.0632038537802389
Fantasia 2000 (1999),1.0631655409179417
"Lawnmower Man, The (1992)",1.0631325354112238
Cruel Intentions (1999),1.0629755851656615
Hairspray (1988),1.0625826513168957
"Astronaut's Wife, The (1999)",1.0621359102663734
"Cell, The (2000)",1.0620329674086053
"Little Shop of Horrors, The (1960)",1.0620077311171903
Weekend at Bernie's (1989),1.0614260006935266
Legend (1985),1.0603797377313913
History of the World: Part I (1981),1.0599911618517888
"Omen, The (1976)",1.0595211065903394
Steel Magnolias (1989),1.0590209009193783
Sphere (1998),1.0582765892515258
Rosemary's Baby (1968),1.0578404673077737
Coneheads (1993),1.0577860159904695
Beneath the Planet of the Apes (1970),1.057292974031761
Brazil (1985),1.0556469943407738
Pecker (1998),1.0554260043380166
Gone with the Wind (1939),1.053952451564269
Cabaret (1972),1.0537867346528285
Rocky III (1982),1.0532872187049842
Strange Days (1995),1.053250777843982
Naked Gun 33 1/3: The Final Insult (1994),1.0529976288343477
Escape from the Planet of the Apes (1971),1.0529491693307864
"Island of Dr. Moreau, The (1996)",1.0527273682670562
"Devil's Advocate, The (1997)",1.0520394471275407
"Godfather: Part III, The (1990)",1.0516391129334715
Ghost (1990),1.051219774527888
Rambo: First Blood Part II (1985),1.050928813750519
Cat Ballou (1965),1.0508755767104756
Battle for the Planet of the Apes (1973),1.0506977215338587
Flashdance (1983),1.0505504288746732
Little Shop of Horrors (1986),1.0504216613441297
Mortal Kombat (1995),1.0503356900132403
Pete's Dragon (1977),1.0500887502863157
Army of Darkness (1993),1.050011636730851
Sommersby (1993),1.049909853425494
Boogie Nights (1997),1.0498112907643642
Summer of Sam (1999),1.0495529503640157
Inspector Gadget (1999),1.049442209719446
In the Company of Men (1997),1.049335474044808
Double Jeopardy (1999),1.0492576603956238
"Fly, The (1958)",1.048277906493061
Repo Man (1984),1.047266430935087
"Ghost and the Darkness, The (1996)",1.0471467821397589
Tombstone (1993),1.0470275736807022
Batman Forever (1995),1.0469244306904564
"NeverEnding Story, The (1984)",1.0469093955834208
Midnight in the Garden of Good and Evil (1997),1.0465585971392188
Free Willy (1993),1.0464029955321048
Last Action Hero (1993),1.0450455686145756
Pretty Woman (1990),1.044722106967753
"Long Kiss Goodnight, The (1996)",1.0444918726327301
"Avengers, The (1998)",1.0443084966423974
Caddyshack (1980),1.0442331532670532
Super Mario Bros. (1993),1.0441110220866836
Star Trek VI: The Undiscovered Country (1991),1.0440631839443106
American Movie (1999),1.0431926445186288
Zero Effect (1998),1.0429322323123458
Demolition Man (1993),1.0428690243910916
2001: A Space Odyssey (1968),1.0425036529459768
"Color Purple, The (1985)",1.0421101505834323
Airplane II: The Sequel (1982),1.0420108599125535
Crumb (1994),1.0410383061209085
"Faculty, The (1998)",1.0408329997330668
Broken Arrow (1996),1.0401801168887694
Chariots of Fire (1981),1.040075618476583
Anaconda (1997),1.0393754161282112
Encino Man (1992),1.0390478168056034
Welcome to the Dollhouse (1995),1.038786246731373
"Mighty Ducks, The (1992)",1.038620198875932
Deconstructing Harry (1997),1.0380939161505658
Babe (1995),1.0379604202733412
Days of Thunder (1990),1.037918988552816
You've Got Mail (1998),1.0378539259144464
Runaway Bride (1999),1.0375388681526974
"Apostle, The (1997)",1.0372516773409588
Escape to Witch Mountain (1975),1.0372034373709593
Friday (1995),1.0371540728401616
Sister Act (1992),1.0370324674735274
Fallen (1998),1.0368037613159695
"Bodyguard, The (1992)",1.0366325427816707
Bad Boys (1995),1.0358837785706485
Random Hearts (1999),1.0357156112124781
"Thomas Crown Affair, The (1968)",1.0355681695049128
54 (1998),1.0354813969282666
Deep Impact (1998),1.035280556927624
Scream (1996),1.0352179325555606
Them! (1954),1.0351663539935732
Glengarry Glen Ross (1992),1.0348076170543785
Tron (1982),1.0341405421515772
Interview with the Vampire (1994),1.0340610195455076
"Replacement Killers, The (1998)",1.0339078862458584
"Blue Lagoon, The (1980)",1.0338859531860167
"Cradle Will Rock, The (1999)",1.0335574480760878
King Kong (1976),1.0332085262820834
"Black Hole, The (1979)",1.0330969405611437
"Muppet Christmas Carol, The (1992)",1.0329951867709264
Tarzan (1999),1.0328432444497588
Wild Things (1998),1.0327852474799102
"Naked Gun 2 1/2: The Smell of Fear, The (1991)",1.032776402523639
Under Siege (1992),1.0327742512116862
"Aristocats, The (1970)",1.0327720879244984
Judge Dredd (1995),1.0326113656979987
"Hudsucker Proxy, The (1994)",1.0324682551953122
"Parent Trap, The (1961)",1.031375201028537
"Corrina, Corrina (1994)",1.0305257007199566
Instinct (1999),1.0299804349650716
Top Gun (1986),1.0295466207969939
Beverly Hills Cop III (1994),1.0294642707722714
"Kentucky Fried Movie, The (1977)",1.0294205378067443
"Mis�rables, Les (1998)",1.0289572903015622
Beauty and the Beast (1991),1.0289426973627565
First Blood (1982),1.0288809629524749
What About Bob? (1991),1.0288224007066236
Death Becomes Her (1992),1.0279897092535781
Stuart Little (1999),1.0278398321803692
Desperately Seeking Susan (1985),1.0277908036617767
So I Married an Axe Murderer (1993),1.027770760711849
Con Air (1997),1.0276212436380086
Predator 2 (1990),1.027475817064709
"Mask, The (1994)",1.0272982582558654
Nashville (1975),1.0272821627845528
Dazed and Confused (1993),1.0266267062362309
Back to the Future Part III (1990),1.0265352304451112
Michael (1996),1.0263472837217762
Somewhere in Time (1980),1.0263154726831034
Guys and Dolls (1955),1.0262662681889398
"Ice Storm, The (1997)",1.0262172800945788
"Frighteners, The (1996)",1.0260765262727645
Universal Soldier (1992),1.0259937142128495
Robin Hood: Prince of Thieves (1991),1.0257383331417813
Back to School (1986),1.0252685293958066
Father of the Bride Part II (1995),1.0250861666741644
"Fisher King, The (1991)",1.024663351257162
Big Trouble in Little China (1986),1.0243344306768025
"Santa Clause, The (1994)",1.0242358553397233
Falling Down (1993),1.0234415489080706
Planet of the Apes (1968),1.0234109582032775
James and the Giant Peach (1996),1.023202291750607
"Gods Must Be Crazy, The (1980)",1.0228354906141996
"Honey, I Blew Up the Kid (1992)",1.0218567348840963
Trainspotting (1996),1.0216337229291181
"Craft, The (1996)",1.0213204486144933
Man on the Moon (1999),1.0211433948955646
"Hunchback of Notre Dame, The (1996)",1.0211041804247967
Romy and Michele's High School Reunion (1997),1.0205952672472403
Cliffhanger (1993),1.0203020948894592
Dances with Wolves (1990),1.019997767968075
Boys Don't Cry (1999),1.0191514682498946
Being John Malkovich (1999),1.018526001525622
Mad Max 2 (a.k.a. The Road Warrior) (1981),1.0183055308162732
Dinosaur (2000),1.0182857976137352
"Thirteenth Floor, The (1999)",1.0177840243800735
Young Guns (1988),1.0174369912166414
Shampoo (1975),1.0173563808234753
King Kong (1933),1.0168005988022022
Space Jam (1996),1.016463404845889
Dark City (1998),1.0161983833068753
Willy Wonka and the Chocolate Factory (1971),1.0161696812332646
Eraser (1996),1.0161409296629331
Snake Eyes (1998),1.0159928359824981
"Little Mermaid, The (1989)",1.0156623922494392
Timecop (1994),1.0156427061257216
Labyrinth (1986),1.0153202642990204
Fletch (1985),1.0152851068089455
Mr. Holland's Opus (1995),1.014966390650144
Meet the Parents (2000),1.014196265290229
Addams Family Values (1993),1.0139785761990077
Bachelor Party (1984),1.0139082325607542
Casper (1995),1.0132905085239037
Chasing Amy (1997),1.0131734030090556
Defending Your Life (1991),1.0131597450141894
Star Trek: Insurrection (1998),1.013038384061857
"Flintstones, The (1994)",1.012898704643839
Ed Wood (1994),1.0127806001194088
Clerks (1994),1.0119821785994383
Red Dawn (1984),1.0114028972491964
Congo (1995),1.011234203807458
Small Time Crooks (2000),1.0109932446058296
Forrest Gump (1994),1.0106641443142523
Star Trek IV: The Voyage Home (1986),1.0101662045451782
"Midsummer Night's Dream, A (1999)",1.0100190716590223
"Adventures of Priscilla, Queen of the Desert, The (1994)",1.0099328102197245
"Jerk, The (1979)",1.0098188909448371
Requiem for a Dream (2000),1.0098040765707401
Mary Poppins (1964),1.0096933995686477
All That Jazz (1979),1.009617134351572
Forget Paris (1995),1.0093495324213622
Firestarter (1984),1.0091803549795675
In & Out (1997),1.008575804123104
Contact (1997),1.0082586153235817
"Hard Day's Night, A (1964)",1.007445972391479
Arthur (1981),1.0071523631203705
Die Hard: With a Vengeance (1995),1.0067483391093826
Romeo Must Die (2000),1.0065336315685287
"Money Pit, The (1986)",1.0061626683044622
Arlington Road (1999),1.0058955787504826
"Crying Game, The (1992)",1.0054377298393238
Auntie Mame (1958),1.0047679174579214
Victor/Victoria (1982),1.0040413860732023
"Fly II, The (1989)",1.0037195047791614
Buffy the Vampire Slayer (1992),1.0035997312170934
To Die For (1995),1.0035938427645765
Fright Night (1985),1.003588333174345
"Thing, The (1982)",1.0032936240561778
Bambi (1942),1.0031711151371774
Smilla's Sense of Snow (1997),1.002526824731048
Meatballs (1979),1.0024033398626866
Willow (1988),1.0021753979011756
Adventures in Babysitting (1987),1.001815972809609
Stargate (1994),1.0017435817823301
Indiana Jones and the Temple of Doom (1984),1.0012372153614766
Anna and the King (1999),1.0012203559843267
Like Water for Chocolate (Como agua para chocolate) (1992),1.0009706115288906
Night of the Comet (1984),1.000724191255973
Medicine Man (1992),1.0006818561785744
"Limey, The (1999)",1.000272039071626
"Lock, Stock & Two Smoking Barrels (1998)",0.9995563118268129
"Room with a View, A (1986)",0.9990987505319946
"Virgin Suicides, The (1999)",0.9990252204345844
Species (1995),0.9989910458990053
Strictly Ballroom (1992),0.9988059932883847
"Net, The (1995)",0.9985694859858474
Jackie Chan's First Strike (1996),0.998508761613912
Six Days Seven Nights (1998),0.9981416531352351
Moonstruck (1987),0.9977131496525964
Murphy's Romance (1985),0.9975139713632949
Local Hero (1983),0.9971387638065796
"Indian in the Cupboard, The (1995)",0.9969345265645617
Gattaca (1997),0.9968323704067871
"City of Lost Children, The (1995)",0.9968222288874267
Time Bandits (1981),0.9967560647232507
Grand Canyon (1991),0.9963029590243508
Muriel's Wedding (1994),0.9962795701682761
Notting Hill (1999),0.9957043777117501
Three Kings (1999),0.9955731555677033
Highlander (1986),0.9948934062566154
"Three Musketeers, The (1993)",0.9947879294476132
Dick (1999),0.9941254237030654
Superman IV: The Quest for Peace (1987),0.9937516361104493
"Quick and the Dead, The (1995)",0.9936980872527053
Robocop (1987),0.9936153698864343
Desperado (1995),0.9935042928482609
"Man with Two Brains, The (1983)",0.993294153622387
Striptease (1996),0.9929871834148876
Mad Max (1979),0.9928245413457709
Mercury Rising (1998),0.9923590438665698
Moonraker (1979),0.9923170886436252
Akira (1988),0.9922190069622792
Shane (1953),0.9919542594314221
Bowfinger (1999),0.9918307316544543
Phenomenon (1996),0.9914478560970936
Remember the Titans (2000),0.9913710378840592
Pushing Tin (1999),0.9913612101083272
"General's Daughter, The (1999)",0.9913402598562653
She's All That (1999),0.9913123728902196
JFK (1991),0.9911721844915327
Reservoir Dogs (1992),0.9911269397050105
"Jackal, The (1997)",0.9910222975752694
"Fly, The (1986)",0.9906030735081899
Westworld (1973),0.9905611090943824
Dick Tracy (1990),0.990462606480628
Wag the Dog (1997),0.9903789361864774
"American in Paris, An (1951)",0.9903288331267532
Menace II Society (1993),0.9899558851329177
10 Things I Hate About You (1999),0.9898152930353166
Rocky II (1979),0.9897848534295467
Do the Right Thing (1989),0.9896423442500909
Sophie's Choice (1982),0.9894692653538064
Easy Rider (1969),0.9891935486190062
Delicatessen (1991),0.9890370218254748
Never Been Kissed (1999),0.9889694449438127
Carrie (1976),0.9889014614324096
"Dark Crystal, The (1982)",0.9887033515309398
Anastasia (1997),0.988375856352321
Freejack (1992),0.98828798021604
Short Cuts (1993),0.9881804256864511
"Prince of Egypt, The (1998)",0.9876183954751995
Iron Eagle (1986),0.9876094472972959
Ghostbusters II (1989),0.9875360829964563
Raising Arizona (1987),0.9874906290464023
"American Tail, An (1986)",0.9874124854668337
Far and Away (1992),0.9873713405387956
Entrapment (1999),0.9863199401682068
Mrs. Doubtfire (1993),0.9862514856464827
Supercop (1992),0.9855670363334444
Christine (1983),0.9850750044998664
Grumpy Old Men (1993),0.984062313260865
Airplane! (1980),0.9838451603238979
Predator (1987),0.9834916728791425
Invasion of the Body Snatchers (1956),0.9832594957970822
Jumanji (1995),0.983172043525115
Lethal Weapon 3 (1992),0.9830712693931954
Superman II (1980),0.9827879306384528
Batman (1989),0.9827742345187291
101 Dalmatians (1961),0.9821030773438896
Robocop 2 (1990),0.9818560452311492
Nurse Betty (2000),0.9816834846718964
Lord of the Flies (1963),0.9807164020981405
"Girl, Interrupted (1999)",0.9806744276952915
"Hand That Rocks the Cradle, The (1992)",0.9803022690009261
Pulp Fiction (1994),0.9799744813953991
Sabrina (1995),0.9799183799386929
Kalifornia (1993),0.9798887819688729
West Side Story (1961),0.9796991878384715
On Her Majesty's Secret Service (1969),0.9795257883400408
Being There (1979),0.9793561608403858
Forbidden Planet (1956),0.979333273617652
Office Space (1999),0.9785833754156057
Frankenstein (1931),0.9784766373451756
Harry and the Hendersons (1987),0.978424053493457
Dragonheart (1996),0.9783937142750141
"Wedding Singer, The (1998)",0.9783733663133685
"Seventh Seal, The (Sjunde inseglet, Det) (1957)",0.978076668803008
Footloose (1984),0.9779441742695288
Body Snatchers (1993),0.9777386785264534
Great Expectations (1998),0.9774546154806141
Doctor Dolittle (1998),0.9773113162247761
Mission: Impossible (1996),0.9770866635259192
Copycat (1995),0.9770642460255302
"Rocketeer, The (1991)",0.9768088734617371
Animal House (1978),0.9767642380341907
"Slums of Beverly Hills, The (1998)",0.976361655130165
Mulan (1998),0.9757803232612369
Roger & Me (1989),0.975636615901633
"Perfect Storm, The (2000)",0.975434647459361
American Beauty (1999),0.9751334567264237
Return to Me (2000),0.9750637351815371
"Muppets Take Manhattan, The (1984)",0.9750466078747371
Back to the Future Part II (1989),0.9747055850509844
Wayne's World 2 (1993),0.9744731814437878
"American Werewolf in London, An (1981)",0.9744076002269008
All About My Mother (Todo Sobre Mi Madre) (1999),0.9743086409638291
Private Parts (1997),0.9742315792472832
"Addams Family, The (1991)",0.9740636513375742
Alice in Wonderland (1951),0.9737447530316691
Fried Green Tomatoes (1991),0.9732035989324953
"Towering Inferno, The (1974)",0.9730442698486331
"World Is Not Enough, The (1999)",0.972891827973265
Tender Mercies (1983),0.9723019132373846
Ronin (1998),0.9722225952990614
Rudy (1993),0.9718619763203257
French Kiss (1995),0.9718112871921745
Arachnophobia (1990),0.9717790569531244
"Golden Child, The (1986)",0.9714116184139293
My Best Friend's Wedding (1997),0.9713571174558878
Mad Max Beyond Thunderdome (1985),0.971190699810355
Cinderella (1950),0.9705240871090067
Soapdish (1991),0.9702561307227995
Crocodile Dundee II (1988),0.9701538479693863
Flirting With Disaster (1996),0.9698396021188586
Excalibur (1981),0.9698288706691148
Jurassic Park (1993),0.9697768349391768
Soylent Green (1973),0.9690560841036538
Edward Scissorhands (1990),0.9688072615138286
Annie Hall (1977),0.9684531245104682
Beetlejuice (1988),0.9683266673613097
Batman Returns (1992),0.9681537424585852
Licence to Kill (1989),0.9677077726944914
Heathers (1989),0.9675033371985357
On Golden Pond (1981),0.9670023316160793
"Opposite of Sex, The (1998)",0.9669030346246863
Cool Runnings (1993),0.966787577037341
Superman III (1983),0.966199016509266
Howards End (1992),0.9657946058031539
Star Trek: Generations (1994),0.965777219958179
Thelma & Louise (1991),0.9655728750118044
"Last of the Mohicans, The (1992)",0.9655390056990719
Nineteen Eighty-Four (1984),0.9653100508505924
Speed (1994),0.9649500026610093
True Romance (1993),0.9648643701998022
Field of Dreams (1989),0.9648173126360651
Escape from New York (1981),0.964789449405783
Who Framed Roger Rabbit? (1988),0.9647795206177922
"Lion King, The (1994)",0.9646848170401868
U.S. Marshalls (1998),0.9644295934467603
Twelve Monkeys (1995),0.9641075092249459
"Karate Kid, Part II, The (1986)",0.9639302888423089
"Stepford Wives, The (1975)",0.9638736415518808
Space Cowboys (2000),0.9636358152169481
Clueless (1995),0.9636209925947655
This Is Spinal Tap (1984),0.9634609857977467
"Whole Nine Yards, The (2000)",0.963258336678502
Help! (1965),0.9631681341300833
Rocky (1976),0.9631379761985361
Dumbo (1941),0.9630229721566917
Dead Men Don't Wear Plaid (1982),0.9629224611438397
Seven Years in Tibet (1997),0.9627876721379061
Scent of a Woman (1992),0.9627058818191867
"Arrival, The (1996)",0.9626211392155475
Swingers (1996),0.9625522654620536
Star Trek: The Wrath of Khan (1982),0.962435720613612
"Rock, The (1996)",0.962432052758489
"Secret of NIMH, The (1982)",0.9623371799348712
"Secret Garden, The (1993)",0.9621933401031585
That Thing You Do! (1996),0.9621002149695289
St. Elmo's Fire (1985),0.9617750939077866
Doctor Zhivago (1965),0.9615823761579594
"Pelican Brief, The (1993)",0.9614544914069837
Basic Instinct (1992),0.960852927803301
Breakfast at Tiffany's (1961),0.9601802372991928
Sleepless in Seattle (1993),0.9598610223980154
Tin Men (1987),0.9596614376670726
Who's Afraid of Virginia Woolf? (1966),0.9592550078942358
"Fox and the Hound, The (1981)",0.9589793190030117
Gremlins (1984),0.9586599670847079
Amistad (1997),0.9577904976364284
"Devil's Own, The (1997)",0.9575724141692132
Mimic (1997),0.9573881847028154
Robin Hood (1973),0.9573091255014585
Old Yeller (1957),0.9568775354977247
Galaxy Quest (1999),0.9567084793369519
"Ideal Husband, An (1999)",0.9565092920128591
"Sex, Lies, and Videotape (1989)",0.9564601102780064
Heavenly Creatures (1994),0.9564168489069155
City Slickers II: The Legend of Curly's Gold (1994),0.9562668107112763
"Bone Collector, The (1999)",0.9561991443205612
Kiss the Girls (1997),0.9561684874770398
Don Juan DeMarco (1995),0.9560878781180846
Maverick (1994),0.9559916025830921
Aladdin (1992),0.9558611468807209
Conspiracy Theory (1997),0.9555128599987504
Bringing Up Baby (1938),0.9554844158757404
Battlefield Earth (2000),0.9554255899856088
"Red Violin, The (Le Violon rouge) (1998)",0.9553339238451686
Blast from the Past (1999),0.9548739588623859
"Birdcage, The (1996)",0.9547816022443066
"Mystery, Alaska (1999)",0.9544842478180885
"Blues Brothers, The (1980)",0.9542158547339398
Bob Roberts (1992),0.9540700678828012
Jaws 2 (1978),0.9536078357951215
Chicken Run (2000),0.9532511728807143
"Remains of the Day, The (1993)",0.9532008878982059
Ever After: A Cinderella Story (1998),0.9530662433081222
Snow White and the Seven Dwarfs (1937),0.9527904748298542
Little Voice (1998),0.9524767382981963
White Christmas (1954),0.952285182322336
Everyone Says I Love You (1996),0.952278342644911
Father of the Bride (1950),0.9516722343792423
Five Easy Pieces (1970),0.9516157768734601
Shanghai Noon (2000),0.9512009471455365
Bedknobs and Broomsticks (1971),0.9510298206061588
"Full Monty, The (1997)",0.95100168182005
Gods and Monsters (1998),0.9509824065751771
Smoke Signals (1998),0.9508811699026468
Swamp Thing (1982),0.9508498789771106
Blazing Saddles (1974),0.9507034035433376
Star Trek: First Contact (1996),0.950328669909767
"Joy Luck Club, The (1993)",0.9503067579154367
"Big Chill, The (1983)",0.9502836622455308
Bullets Over Broadway (1994),0.9500167521702323
Mickey Blue Eyes (1999),0.9497790991427557
As Good As It Gets (1997),0.9497049776435134
Fargo (1996),0.9495656819561784
Rumble in the Bronx (1995),0.9492421440840716
"Hurricane, The (1999)",0.9488406414546674
High Fidelity (2000),0.9487620821760075
Vacation (1983),0.948695911255565
Pinocchio (1940),0.9484971677593036
"Princess Mononoke, The (Mononoke Hime) (1997)",0.9484701107898335
Logan's Run (1976),0.9481968763363069
"Abyss, The (1989)",0.9481016585268306
Bound (1996),0.9480056344058805
"Muppet Movie, The (1979)",0.9479108992233746
E.T. the Extra-Terrestrial (1982),0.9475321722319995
Sleepers (1996),0.947035390284427
2010 (1984),0.9466176233936678
Die Hard 2 (1990),0.9464321354804356
Reality Bites (1994),0.9456202874930111
Jaws (1975),0.94556605101126
Mumford (1999),0.9452245683666711
"Jewel of the Nile, The (1985)",0.9449275627136258
Real Genius (1985),0.9444319204981659
Immortal Beloved (1994),0.9441990978281661
"Shining, The (1980)",0.9441318999027947
"Deer Hunter, The (1978)",0.9437165137736535
"Secret of Roan Inish, The (1994)",0.943646240613901
Rising Sun (1993),0.9436188383410521
Ruthless People (1986),0.9435875896906262
South Pacific (1958),0.9434605278108473
"Thomas Crown Affair, The (1999)",0.9434032663169142
About Last Night... (1986),0.9430253645216521
Poltergeist (1982),0.9427927984747172
Shadowlands (1993),0.9427027657103688
Bird on a Wire (1990),0.9419920272000335
"Peacemaker, The (1997)",0.9418824670649947
"Karate Kid III, The (1989)",0.9416610617130814
Ghost in the Shell (Kokaku kidotai) (1995),0.9415899555813453
Fast Times at Ridgemont High (1982),0.9415673534717638
Rob Roy (1995),0.9414755693627744
Air Force One (1997),0.9413560004399381
U-571 (2000),0.9412585625718636
Cocoon: The Return (1988),0.9411621105549556
"River Runs Through It, A (1992)",0.9411244965233698
Wayne's World (1992),0.9408793194574504
Shakespeare in Love (1998),0.9402551980931635
Pump Up the Volume (1990),0.939947008797582
"Iron Giant, The (1999)",0.9398560733339557
"Simple Plan, A (1998)",0.9397583213427886
Sleepy Hollow (1999),0.939581397172788
American Gigolo (1980),0.9395421951634546
Tin Cup (1996),0.9394755651660278
"Spanish Prisoner, The (1997)",0.9393978807919036
Miracle on 34th Street (1947),0.939331001392142
Seven (Se7en) (1995),0.9392287493081478
"Grapes of Wrath, The (1940)",0.9391024864167352
"Absent Minded Professor, The (1961)",0.93896502898096
Waking Ned Devine (1998),0.9388137460605821
Weird Science (1985),0.9387087723309749
True Lies (1994),0.9387055882192402
Air America (1990),0.9384634233224942
Out of Sight (1998),0.9384084537163146
White Men Can't Jump (1992),0.9381775037821016
While You Were Sleeping (1995),0.9372020387843017
Metropolis (1926),0.9364301126742848
Forever Young (1992),0.9362838140820086
Agnes of God (1985),0.9362485059118303
Cyrano de Bergerac (1990),0.9359907680456917
Total Recall (1990),0.9356806961519277
"Englishman Who Went Up a Hill, But Came Down a Mountain, The (1995)",0.9351681670234498
"Contender, The (2000)",0.9350743258045121
Antz (1998),0.9350649077077287
Get Shorty (1995),0.9348464525371945
Gladiator (2000),0.9347873477576896
Peggy Sue Got Married (1986),0.9347682744930893
Heat (1995),0.9345882716883003
Four Weddings and a Funeral (1994),0.9341178331590512
My Dog Skip (1999),0.9340039794710626
"Time to Kill, A (1996)",0.9339817194832947
Monty Python's Life of Brian (1979),0.9338602852661679
True Grit (1969),0.933443417899587
"Honey, I Shrunk the Kids (1989)",0.9332671388599068
"Mariachi, El (1992)",0.9332415295152051
"Wild Bunch, The (1969)",0.9331173725095536
Flight of the Navigator (1986),0.9326833185427741
Sliding Doors (1998),0.9326359943551304
Little Women (1994),0.9324212776908756
"Doors, The (1991)",0.9322903490779968
Outbreak (1995),0.9321625440612984
Men in Black (1997),0.9317186501374177
"7th Voyage of Sinbad, The (1958)",0.9315307428796272
"Siege, The (1998)",0.9314575759527347
"Matrix, The (1999)",0.9309184185882262
Radio Days (1987),0.9307900680222876
Frequency (2000),0.9306753890789204
Deliverance (1972),0.9306027593184567
Emma (1996),0.9303917145562778
Shaft (2000),0.9300376476332329
Starman (1984),0.9298002331470266
"Ref, The (1994)",0.9296255893004176
Braveheart (1995),0.9293500477516424
Analyze This (1999),0.9293246378670488
Ordinary People (1980),0.9292679450546746
Groundhog Day (1993),0.9291961051807589
Prizzi's Honor (1985),0.9290755230749017
Payback (1999),0.9282719776339886
Hard-Boiled (Lashou shentan) (1992),0.9281013990402301
Fatal Attraction (1987),0.9277505959927914
Star Wars: Episode VI - Return of the Jedi (1983),0.9273560638806971
Ladyhawke (1985),0.9272994768306743
Hamlet (1996),0.9268945172000875
Election (1999),0.9268504097522141
Charlotte's Web (1973),0.9250310708234112
Disclosure (1994),0.9247966398739539
"Fish Called Wanda, A (1988)",0.9246767963887027
Shine (1996),0.9244755916178589
Aliens (1986),0.9243473140407271
Life Is Beautiful (La Vita � bella) (1997),0.9239795967456418
Superman (1978),0.9237262432231257
Go (1999),0.9234937855476613
Pleasantville (1998),0.9234339020108701
Dolores Claiborne (1994),0.9229978550057181
Wyatt Earp (1994),0.9222568084963341
"Brothers McMullen, The (1995)",0.9220251852419816
2 Days in the Valley (1996),0.9215917590690584
Unforgiven (1992),0.9215599371455165
Sid and Nancy (1986),0.9212523667399185
"Grifters, The (1990)",0.9207800927701268
28 Days (2000),0.9202781286331579
"Birds, The (1963)",0.920256229963863
Lethal Weapon 2 (1989),0.9199129720865675
"Age of Innocence, The (1993)",0.9197601439897464
Bull Durham (1988),0.9195543989735062
Flatliners (1990),0.9194567369542146
Peter Pan (1953),0.9194418694379447
"Running Man, The (1987)",0.9193832773186328
"Mask of Zorro, The (1998)",0.9193697753088655
Breakdown (1997),0.9192392943448411
Bottle Rocket (1996),0.9187112526629333
"Great Muppet Caper, The (1981)",0.9187106355128656
Executive Decision (1996),0.9185555005548819
Ransom (1996),0.9182815451608842
"Perfect World, A (1993)",0.9182211046576918
Married to the Mob (1988),0.9181217040759951
Creepshow (1982),0.9178384080135717
"Green Mile, The (1999)",0.9174656241682336
Sleeping Beauty (1959),0.9173010596461
"Gold Rush, The (1925)",0.9165296191614678
Dangerous Liaisons (1988),0.9157331415804623
Private Benjamin (1980),0.9156983827433025
Alien Nation (1988),0.9155870071562425
Romeo and Juliet (1968),0.9153955661734587
Apocalypse Now (1979),0.9153283695082501
"Poseidon Adventure, The (1972)",0.9152840251867407
Cop Land (1997),0.9152734010332183
Duck Soup (1933),0.9152035004356073
X-Men (2000),0.9150673135571445
Night Shift (1982),0.9149540970696874
"King and I, The (1956)",0.9144292820140717
Mighty Aphrodite (1995),0.9140474017061119
"Jungle Book, The (1967)",0.913766291025487
"Purple Rose of Cairo, The (1985)",0.9136799311986975
Alien (1979),0.9133096294144267
"Return of the Pink Panther, The (1974)",0.9132043033008002
Harold and Maude (1971),0.9128912521033689
Dead Poets Society (1989),0.9124244925507312
"Last Emperor, The (1987)",0.9124219102947801
"View to a Kill, A (1985)",0.9123818530494668
"Name of the Rose, The (1986)",0.9123159828411928
"Adventures of Robin Hood, The (1938)",0.9122442226973513
Liar Liar (1997),0.9114971572468961
Watership Down (1978),0.9112706239802871
Sweet and Lowdown (1999),0.911252621136247
"Breakfast Club, The (1985)",0.9111224066848129
Jerry Maguire (1996),0.9107557451985896
Network (1976),0.9106479260607914
Jackie Brown (1997),0.9102732911186437
Lone Star (1996),0.9089800504560512
Midnight Cowboy (1969),0.9085992648160565
Driving Miss Daisy (1989),0.9075414105135134
My Left Foot (1989),0.9074459569804155
Star Trek III: The Search for Spock (1984),0.9071017532716297
Pacific Heights (1990),0.9070305546796757
Malcolm X (1992),0.9065458894618633
"Truth About Cats & Dogs, The (1996)",0.9062496699560716
Scrooged (1988),0.9060374666763508
"Sword in the Stone, The (1963)",0.9059261725539698
Risky Business (1983),0.9059012093782743
Drugstore Cowboy (1989),0.9056478896859849
It's a Wonderful Life (1946),0.9054242280588665
"Mosquito Coast, The (1986)",0.9053631844355222
Hud (1963),0.9053616625851265
Casino (1995),0.9050754048198126
Terminator 2: Judgment Day (1991),0.9048231245063141
Sense and Sensibility (1995),0.904535909905845
Mulholland Falls (1996),0.9039763225725173
L.A. Story (1991),0.9037498293473193
"Sweet Hereafter, The (1997)",0.9035623501281685
Pretty in Pink (1986),0.9035121891108318
M*A*S*H (1970),0.9033038665181478
Philadelphia (1993),0.9031640897745626
Fools Rush In (1997),0.9024878525595742
Rules of Engagement (2000),0.902459671313649
Sleeper (1973),0.9021415978161692
Lady and the Tramp (1955),0.9018734762340326
Sixteen Candles (1984),0.9017373653735414
What's Eating Gilbert Grape (1993),0.9016199955562344
Boiler Room (2000),0.9013513047397934
"Christmas Story, A (1983)",0.9006263055926301
Everything You Always Wanted to Know About Sex (1972),0.900498173630373
Close Encounters of the Third Kind (1977),0.9000751201119966
Murder at 1600 (1997),0.9000508374050735
"Straight Story, The (1999)",0.8999705896769689
"Last Picture Show, The (1971)",0.8996655250754754
Stripes (1981),0.8994536858759755
Rush Hour (1998),0.8990616245734284
Keeping the Faith (2000),0.8986115766919872
Better Off Dead... (1985),0.8983348316692419
Miller's Crossing (1990),0.898160003362683
"Cider House Rules, The (1999)",0.8978645408642705
"Game, The (1997)",0.8973736728369878
"Postino, Il (The Postman) (1994)",0.8973191387274358
"X-Files: Fight the Future, The (1998)",0.8972043700411603
"Wizard of Oz, The (1939)",0.8959781585395842
Erin Brockovich (2000),0.895887025271015
Heartbreak Ridge (1986),0.8958220877674292
Crimes and Misdemeanors (1989),0.8952184772469552
Misery (1990),0.8949157673727529
Enemy of the State (1998),0.8948571465923411
"Dead Zone, The (1983)",0.8948405960010394
Around the World in 80 Days (1956),0.8945078312189776
Tomorrow Never Dies (1997),0.8942971779487806
Ben-Hur (1959),0.8935981850255039
"Goodbye Girl, The (1977)",0.8933362039815521
Nikita (La Femme Nikita) (1990),0.8931877674019598
Secrets & Lies (1996),0.8931456816556006
Backdraft (1991),0.8930078675153251
Toy Story 2 (1999),0.892955093156445
Single White Female (1992),0.8923224794507328
"Good, The Bad and The Ugly, The (1966)",0.8920270783953241
Bananas (1971),0.891706791625863
Absolute Power (1997),0.891659263501807
GoldenEye (1995),0.8912328467244989
Young Sherlock Holmes (1985),0.8911763297236022
Diva (1981),0.8910083694314473
"Karate Kid, The (1984)",0.8902394408116364
Psycho (1960),0.8900250449687547
Elizabeth (1998),0.8893801152708236
"Player, The (1992)",0.8893057604352181
Ulee's Gold (1997),0.8892415088480217
Singin' in the Rain (1952),0.8888858558906682
Speed 2: Cruise Control (1997),0.8885749111701149
"Fabulous Baker Boys, The (1989)",0.8885256340106917
"Perfect Murder, A (1998)",0.8883072529035759
Kramer Vs. Kramer (1979),0.8875516740000932
I.Q. (1994),0.8875186104862482
"River Wild, The (1994)",0.8874621287025681
Running Scared (1986),0.8873754987644004
Modern Times (1936),0.8866763759602125
Parenthood (1989),0.8860242922430055
Cocoon (1985),0.8855189963302511
Big (1988),0.8853760878504786
Taxi Driver (1976),0.884845699719571
Ghostbusters (1984),0.8842513212848717
Touch of Evil (1958),0.8841568299571066
My Life as a Dog (Mitt liv som hund) (1985),0.883861006653546
"Madness of King George, The (1994)",0.8835525910751305
"Truman Show, The (1998)",0.8835454228962004
"Outsiders, The (1983)",0.8833980738391638
My Cousin Vinny (1992),0.8828003779851518
Crocodile Dundee (1986),0.8822420861972821
Women on the Verge of a Nervous Breakdown (1988),0.8821289917430755
Holiday Inn (1942),0.881769951957529
When Harry Met Sally... (1989),0.881116397776031
Year of Living Dangerously (1982),0.8809970564627142
Wonder Boys (2000),0.8804726914066136
Much Ado About Nothing (1993),0.8802129144558007
High Noon (1952),0.8797564062824564
Grosse Pointe Blank (1997),0.8797459683992929
Working Girl (1988),0.8794086519169089
"Flamingo Kid, The (1984)",0.8793377571935116
"Bug's Life, A (1998)",0.8792840096100352
EDtv (1999),0.8792151588235098
Shallow Grave (1994),0.8785001714139367
Hoosiers (1986),0.8780427717887013
Three Colors: Red (1994),0.8780037876513814
Six Degrees of Separation (1993),0.8779761840502153
Sabrina (1954),0.8778986310061342
Stir of Echoes (1999),0.8772191997875325
For Your Eyes Only (1981),0.8771865023029133
"Producers, The (1968)",0.8769708784545502
"Longest Day, The (1962)",0.8765964826654237
Waiting for Guffman (1996),0.8762859679323303
"War of the Worlds, The (1953)",0.8758709610298321
Atlantic City (1980),0.875866527927509
Best in Show (2000),0.8752117781039671
Blade Runner (1982),0.8750510189207749
Hamlet (1990),0.8750044585772693
"Natural, The (1984)",0.8747470196062165
Benny & Joon (1993),0.8741543780396434
"Client, The (1994)",0.8741520983937164
Monty Python and the Holy Grail (1974),0.8738760723048069
My Fair Lady (1964),0.8738541393172327
Carlito's Way (1993),0.8734932489673384
Tequila Sunrise (1988),0.8733159852132153
Young Frankenstein (1974),0.8728098325378878
"Hidden, The (1987)",0.8725877870310513
GoodFellas (1990),0.872455084892143
No Way Out (1987),0.8721940880640727
Swiss Family Robinson (1960),0.8715984135290764
Run Lola Run (Lola rennt) (1998),0.871169064757172
Diner (1982),0.8711528059945216
Mr. Mom (1983),0.8709774817337459
Spartacus (1960),0.870226157566784
"20,000 Leagues Under the Sea (1954)",0.8696850394645784
Dead Calm (1989),0.8689200584007818
"Godfather: Part II, The (1974)",0.8688965275257146
Devil in a Blue Dress (1995),0.8683657045295261
Dead Man Walking (1995),0.8673391661304671
Lethal Weapon (1987),0.8666256788566656
"Outlaw Josey Wales, The (1976)",0.8664989396786633
Manhattan (1979),0.8663488935058907
Raging Bull (1980),0.8661755150657952
Platoon (1986),0.8656301093291455
Citizen Kane (1941),0.8654930538186145
Romancing the Stone (1984),0.865206106869418
Back to the Future (1985),0.8651882735905329
"League of Their Own, A (1992)",0.8648454523719897
Heaven Can Wait (1978),0.8647791272895172
"American President, The (1995)",0.8643904675139522
Harvey (1950),0.8641915468189277
It Could Happen to You (1994),0.8640867916854876
Sneakers (1992),0.863186165100097
Midnight Run (1988),0.8623775476744021
Ferris Bueller's Day Off (1986),0.8623627813705966
Full Metal Jacket (1987),0.8622584462227052
"Bronx Tale, A (1993)",0.8622004089406872
Sling Blade (1996),0.8611028066192042
"Professional, The (a.k.a. Leon: The Professional) (1994)",0.8610609908123414
Die Hard (1988),0.8609878766005158
"Presidio, The (1988)",0.860204737975245
Broadcast News (1987),0.8600028173313222
Dead Again (1991),0.8594502798810852
Splash (1984),0.8588799033832375
From Here to Eternity (1953),0.8586532721831884
For a Few Dollars More (1965),0.8584311757914846
Awakenings (1990),0.8584256838941415
Circle of Friends (1995),0.858102978709336
Singles (1992),0.8580553991641621
Manhattan Murder Mystery (1993),0.8575551528099074
Crimson Tide (1995),0.8574049183164639
"Insider, The (1999)",0.8572792541944774
"Day the Earth Stood Still, The (1951)",0.8570134652141419
Honeymoon in Vegas (1992),0.856499230065851
"Civil Action, A (1998)",0.8552476241753089
High Plains Drifter (1972),0.8544029450118925
"39 Steps, The (1935)",0.85350147741116
Cat on a Hot Tin Roof (1958),0.8528305458096971
"Negotiator, The (1998)",0.8528189154631971
Klute (1971),0.8527090446287957
Guess Who's Coming to Dinner (1967),0.8527051173717539
"Terminator, The (1984)",0.8526365703225008
Toy Story (1995),0.8523490842765862
"Few Good Men, A (1992)",0.8522873661840434
American History X (1998),0.852271600985646
Say Anything... (1989),0.8513374005824602
Rebel Without a Cause (1955),0.8513000952720907
Dreamscape (1984),0.8512586980201715
Farewell My Concubine (1993),0.8510950387183936
Some Folks Call It a Sling Blade (1993),0.8504919445437723
"Princess Bride, The (1987)",0.8500395007663406
F/X (1986),0.8500038959859884
October Sky (1999),0.8497337359639514
Rounders (1998),0.8493737656244404
Ran (1985),0.8483044456105601
"Good Morning, Vietnam (1987)",0.8479948375596477
All Quiet on the Western Front (1930),0.8478005201414056
Children of a Lesser God (1986),0.8477855110927662
"Streetcar Named Desire, A (1951)",0.847747388971311
"People vs. Larry Flynt, The (1996)",0.8475346708630969
Alive (1993),0.8471693663751663
Live and Let Die (1973),0.8468128519153556
Saving Private Ryan (1998),0.8457747491732748
Kelly's Heroes (1970),0.8447974369323191
Little Big Man (1970),0.8445801042509148
Star Wars: Episode V - The Empire Strikes Back (1980),0.844432003945722
L.A. Confidential (1997),0.8441932088425477
Top Hat (1935),0.8427237192177941
Gandhi (1982),0.8424820521444951
Goldfinger (1964),0.8420096978437599
"Man with the Golden Gun, The (1974)",0.8412858932395793
American Graffiti (1973),0.8408895403842136
Cinema Paradiso (1988),0.8407946998749035
"Thin Blue Line, The (1988)",0.8393547826761001
Hoop Dreams (1994),0.8375339169714786
Arsenic and Old Lace (1944),0.8369258486640795
Thunderball (1965),0.8364346226218441
Body Heat (1981),0.8359374251173688
Roman Holiday (1953),0.8356512344103774
All About Eve (1950),0.8355814521024648
"Philadelphia Story, The (1940)",0.8342699871789656
On the Waterfront (1954),0.8339271509684495
"Falcon and the Snowman, The (1984)",0.8338131500266786
"Graduate, The (1967)",0.833709744677911
Dog Day Afternoon (1975),0.8331392854865123
"Mrs. Brown (Her Majesty, Mrs. Brown) (1997)",0.8323264357194745
Good Will Hunting (1997),0.8319938323181119
Primal Fear (1996),0.8317627413525812
"Silence of the Lambs, The (1991)",0.83154167459831
"Bamba, La (1987)",0.8307469202189409
Cape Fear (1962),0.8297058629546
"Firm, The (1993)",0.8294064737388674
In the Name of the Father (1993),0.8293643631895743
M (1931),0.8288739490122979
Take the Money and Run (1969),0.828595906105624
My Favorite Year (1982),0.8284983644788417
Of Mice and Men (1992),0.8283546360095015
Casablanca (1942),0.8276420553546816
Primary Colors (1998),0.8275434108446194
"French Connection, The (1971)",0.8273019995375377
"Spy Who Loved Me, The (1977)",0.8268935140729975
City Lights (1931),0.8262304923980147
"Commitments, The (1991)",0.8261490279791097
"Man Who Would Be King, The (1975)",0.8260302181434689
"Dirty Dozen, The (1967)",0.8253999546923986
Charade (1963),0.8253198763617641
"Hunt for Red October, The (1990)",0.8249306644216554
From Russia with Love (1963),0.824644002827644
"Right Stuff, The (1983)",0.8245239756258407
"Elephant Man, The (1980)",0.8244099769230656
"Boat, The (Das Boot) (1981)",0.8241860938421112
Clear and Present Danger (1994),0.8241312421745645
Amadeus (1984),0.8234306283395819
Lawrence of Arabia (1962),0.8226880122568586
Patriot Games (1992),0.8226399221313674
Fantastic Voyage (1966),0.8224990499311835
Courage Under Fire (1996),0.8215806998849338
Some Like It Hot (1959),0.8215507391258634
Blood Simple (1984),0.8214751749371509
"Conversation, The (1974)",0.8211964641982682
Bonnie and Clyde (1967),0.8209395950044823
"Fistful of Dollars, A (1964)",0.8207748301018809
Midnight Express (1978),0.8206237064648628
"African Queen, The (1951)",0.820580219386211
Pale Rider (1985),0.8205257027597849
Cape Fear (1991),0.8203440633413848
Rain Man (1988),0.8188936058638342
Mister Roberts (1955),0.8187860447257667
Chinatown (1974),0.818713412869183
Big Night (1996),0.8186184122804253
Indiana Jones and the Last Crusade (1989),0.817778615555554
Red Rock West (1992),0.8173550358734887
Breaker Morant (1980),0.8162643732770644
"Color of Money, The (1986)",0.8150963400385474
"Taking of Pelham One Two Three, The (1974)",0.8136111536565942
Rebecca (1940),0.8135725388002674
Dr. No (1962),0.8134943797071701
Searching for Bobby Fischer (1993),0.8133486854156572
12 Angry Men (1957),0.8127312906342739
Almost Famous (2000),0.8115911395174272
"Rainmaker, The (1997)",0.8113894279187508
Quiz Show (1994),0.8109750481310547
His Girl Friday (1940),0.8107739514978565
To Catch a Thief (1955),0.8106040620961994
"Odd Couple, The (1968)",0.8099980156193537
"Apartment, The (1960)",0.8089995438467756
Patton (1970),0.8077010290825144
Inherit the Wind (1960),0.8072963015299033
Trading Places (1983),0.8066584947340264
Dave (1993),0.8059975007843323
Eat Drink Man Woman (1994),0.8058594166146906
Mr. Smith Goes to Washington (1939),0.8055773892544748
Dr. Strangelove or: How I Learned to Stop Worrying and Love the Bomb (1963),0.8055069807291353
Wallace & Gromit: The Best of Aardman Animation (1996),0.8049647155401155
And Now for Something Completely Different (1971),0.8048142896946926
It Happened One Night (1934),0.8046803278060137
Butch Cassidy and the Sundance Kid (1969),0.8046114818997785
"Killing Fields, The (1984)",0.8041858973072595
"Treasure of the Sierra Madre, The (1948)",0.8025360767019595
Apollo 13 (1995),0.8016154752148421
"Sixth Sense, The (1999)",0.8010224229107712
Star Wars: Episode IV - A New Hope (1977),0.8007806969749859
Breaking Away (1979),0.7981284614993283
Papillon (1973),0.797812774510342
Stand by Me (1986),0.7966553729159108
Vertigo (1958),0.7965542081750531
Shall We Dance? (Shall We Dansu?) (1996),0.796513072139582
Witness (1985),0.7959134282663088
When We Were Kings (1996),0.7949212250871608
"Bicycle Thief, The (Ladri di biciclette) (1948)",0.793040301466182
Strangers on a Train (1951),0.7925957378933319
"Untouchables, The (1987)",0.7923525058845781
Creature Comforts (1990),0.791691028854594
One Flew Over the Cuckoo's Nest (1975),0.7895237757414774
"Paper Chase, The (1973)",0.7891547900023298
To Kill a Mockingbird (1962),0.788858235773545
Raise the Red Lantern (1991),0.7886934491758358
In the Heat of the Night (1967),0.7874758758168664
Stalag 17 (1953),0.7870478618278832
Where Eagles Dare (1969),0.78471679347974
Key Largo (1948),0.7841745576508614
Cool Hand Luke (1967),0.7833794390246226
"Manchurian Candidate, The (1962)",0.7826656023016332
Marathon Man (1976),0.7820671791359769
Henry V (1989),0.7807402714375332
"Godfather, The (1972)",0.7807207696118679
Donnie Brasco (1997),0.780102269916041
In the Line of Fire (1993),0.7783551603381715
"Guns of Navarone, The (1961)",0.7781376272951904
"Big Sleep, The (1946)",0.7772303915418192
Glory (1989),0.7762396116210379
Dial M for Murder (1954),0.7760047758936782
"Maltese Falcon, The (1941)",0.7747596291520621
Stand and Deliver (1987),0.7731469069068754
"Fugitive, The (1993)",0.7727586160396789
"Thin Man, The (1934)",0.7715276453238343
Laura (1944),0.771214882904027
Serpico (1973),0.7672923681435012
"Grand Day Out, A (1992)",0.7663192126190325
Three Days of the Condor (1975),0.7657573622553221
Schindler's List (1993),0.7638573637007731
"Verdict, The (1982)",0.7596594948125123
"Sting, The (1973)",0.7594050895670419
"Third Man, The (1949)",0.7575616260464734
"Bridge on the River Kwai, The (1957)",0.7538738956523299
Notorious (1946),0.7510292563011275
"Usual Suspects, The (1995)",0.7488218456658821
Seven Samurai (The Magnificent Seven) (Shichinin no samurai) (1954),0.7436071369152208
Sunset Blvd. (a.k.a. Sunset Boulevard) (1950),0.7409236980457691
Double Indemnity (1944),0.7407929060686064
"Hustler, The (1961)",0.7372977809659892
North by Northwest (1959),0.7325154419820886
Raiders of the Lost Ark (1981),0.7256465441877039
"Wrong Trousers, The (1993)",0.7086657095592804
"Shawshank Redemption, The (1994)",0.7004430760926282
"Great Escape, The (1963)",0.6925851512132916
Rear Window (1954),0.6889463376441249
"Close Shave, A (1995)",0.6671433032739226
